0|259360|AAA Batteries (4-pack)|2.99|10/24/19 17:20
1|259399|AAA Batteries (4-pack)|2.99|10/31/19 19:06
2|259402|AA Batteries (4-pack)|3.84|10/9/19 20:27
3|259410|AA Batteries (4-pack)|3.84|10/1/19 21:32
4|259415|AAA Batteries (4-pack)|2.99|10/16/19 19:13
5|259420|USB-C Charging Cable|11.95|10/18/19 8:54
6|259424|USB-C Charging Cable|11.95|10/31/19 22:54
7|259436|Wired Headphones|11.99|10/26/19 0:30
8|259448|AA Batteries (4-pack)|3.84|10/18/19 21:47
9|259467|AA Batteries (4-pack)|3.84|10/6/19 12:22
10|259478|AAA Batteries (4-pack)|2.99|10/12/19 19:49
11|259499|AAA Batteries (4-pack)|2.99|10/23/19 20:00
12|259509|AAA Batteries (4-pack)|2.99|10/16/19 14:48
13|259510|AA Batteries (4-pack)|3.84|10/14/19 11:54
14|259511|AAA Batteries (4-pack)|2.99|10/3/19 13:05
15|259533|AA Batteries (4-pack)|3.84|10/19/19 17:38
16|259537|AAA Batteries (4-pack)|2.99|10/2/19 16:01
17|259540|AAA Batteries (4-pack)|2.99|10/19/19 7:27
18|259542|AAA Batteries (4-pack)|2.99|10/22/19 0:11
19|259546|AA Batteries (4-pack)|3.84|10/22/19 18:05
20|259550|USB-C Charging Cable|11.95|10/24/19 16:14
21|259565|AAA Batteries (4-pack)|2.99|10/21/19 9:25
22|259568|USB-C Charging Cable|11.95|10/31/19 2:08
23|259569|Lightning Charging Cable|14.95|10/21/19 10:38
24|259572|Wired Headphones|11.99|10/26/19 10:53
25|259575|AAA Batteries (4-pack)|2.99|10/1/19 5:32
26|259594|AAA Batteries (4-pack)|2.99|10/18/19 10:06
27|259599|AA Batteries (4-pack)|3.84|10/2/19 3:48
28|259602|AAA Batteries (4-pack)|2.99|10/9/19 3:13
29|259611|AAA Batteries (4-pack)|2.99|10/25/19 15:00
30|259615|AA Batteries (4-pack)|3.84|10/2/19 22:45
31|259616|AA Batteries (4-pack)|3.84|10/6/19 22:34
32|259626|AAA Batteries (4-pack)|2.99|10/22/19 15:15
