2|259360|AAA Batteries (4-pack)|2.99|10/24/19 17:20
4|259362|Wired Headphones|11.99|10/7/19 16:10
5|259363|AAA Batteries (4-pack)|2.99|10/1/19 18:55
6|259364|Wired Headphones|11.99|10/29/19 11:02
7|259365|Lightning Charging Cable|14.95|10/29/19 11:19
11|259369|USB-C Charging Cable|11.95|10/26/19 10:54
14|259372|Wired Headphones|11.99|10/17/19 11:07
17|259375|USB-C Charging Cable|11.95|10/10/19 8:53
20|259378|Lightning Charging Cable|14.95|10/18/19 16:45
24|259382|Wired Headphones|11.99|10/18/19 14:16
27|259385|Lightning Charging Cable|14.95|10/28/19 15:28
28|259386|Lightning Charging Cable|14.95|10/16/19 21:39
30|259388|AA Batteries (4-pack)|3.84|10/12/19 13:15
31|259389|AAA Batteries (4-pack)|2.99|10/17/19 14:14
32|259390|Lightning Charging Cable|14.95|10/8/19 12:35
34|259392|Wired Headphones|11.99|10/19/19 15:26
35|259393|AA Batteries (4-pack)|3.84|10/22/19 20:35
36|259394|AA Batteries (4-pack)|3.84|10/24/19 18:58
38|259396|AAA Batteries (4-pack)|2.99|10/23/19 22:40
39|259397|Wired Headphones|11.99|10/1/19 14:39
41|259399|AAA Batteries (4-pack)|2.99|10/31/19 19:06
43|259401|Wired Headphones|11.99|10/15/19 23:39
44|259402|AA Batteries (4-pack)|3.84|10/9/19 20:27
45|259403|USB-C Charging Cable|11.95|10/25/19 19:42
48|259406|AA Batteries (4-pack)|3.84|10/12/19 12:01
49|259407|Lightning Charging Cable|14.95|10/30/19 12:09
52|259410|AA Batteries (4-pack)|3.84|10/1/19 21:32
53|259411|AA Batteries (4-pack)|3.84|10/9/19 14:47
57|259415|AAA Batteries (4-pack)|2.99|10/16/19 19:13
59|259417|Wired Headphones|11.99|10/8/19 16:27
61|259419|USB-C Charging Cable|11.95|10/28/19 8:13
63|259420|USB-C Charging Cable|11.95|10/18/19 8:54
64|259421|Wired Headphones|11.99|10/19/19 16:52
66|259422|USB-C Charging Cable|11.95|10/5/19 4:53
67|259423|AA Batteries (4-pack)|3.84|10/14/19 15:37
68|259424|USB-C Charging Cable|11.95|10/31/19 22:54
69|259425|Lightning Charging Cable|14.95|10/18/19 11:36
72|259428|AA Batteries (4-pack)|3.84|10/7/19 22:09
73|259429|Lightning Charging Cable|14.95|10/21/19 19:52
74|259430|USB-C Charging Cable|11.95|10/2/19 23:59
78|259434|Lightning Charging Cable|14.95|10/21/19 23:05
79|259435|Wired Headphones|11.99|10/17/19 16:00
80|259436|Wired Headphones|11.99|10/26/19 0:30
81|259437|AA Batteries (4-pack)|3.84|10/2/19 18:52
83|259438|Lightning Charging Cable|14.95|10/29/19 9:47
84|259439|USB-C Charging Cable|11.95|10/15/19 9:57
85|259440|AA Batteries (4-pack)|3.84|10/4/19 10:22
86|259441|AA Batteries (4-pack)|3.84|10/26/19 14:32
87|259442|USB-C Charging Cable|11.95|10/5/19 19:07
90|259445|USB-C Charging Cable|11.95|10/29/19 15:45
93|259448|AA Batteries (4-pack)|3.84|10/18/19 21:47
94|259449|AA Batteries (4-pack)|3.84|10/11/19 14:31
95|259450|AAA Batteries (4-pack)|2.99|10/16/19 19:49
97|259452|USB-C Charging Cable|11.95|10/27/19 2:21
99|259454|Wired Headphones|11.99|10/2/19 18:36
100|259455|Lightning Charging Cable|14.95|10/13/19 12:32
101|259456|Lightning Charging Cable|14.95|10/25/19 22:06
108|259462|USB-C Charging Cable|11.95|10/18/19 12:48
109|259463|Wired Headphones|11.99|10/27/19 0:49
110|259464|Lightning Charging Cable|14.95|10/24/19 16:04
111|259465|Wired Headphones|11.99|10/8/19 12:39
112|259466|USB-C Charging Cable|11.95|10/26/19 10:29
113|259467|AA Batteries (4-pack)|3.84|10/6/19 12:22
124|259477|AAA Batteries (4-pack)|2.99|10/12/19 9:38
125|259478|AAA Batteries (4-pack)|2.99|10/12/19 19:49
127|259480|AAA Batteries (4-pack)|2.99|10/14/19 23:10
128|259481|USB-C Charging Cable|11.95|10/8/19 15:53
129|259482|Lightning Charging Cable|14.95|10/24/19 16:53
130|259483|AAA Batteries (4-pack)|2.99|10/23/19 22:12
131|259484|AAA Batteries (4-pack)|2.99|10/3/19 14:40
135|259488|USB-C Charging Cable|11.95|10/6/19 13:59
138|259491|Lightning Charging Cable|14.95|10/5/19 7:19
139|259492|USB-C Charging Cable|11.95|10/27/19 10:18
142|259495|USB-C Charging Cable|11.95|10/7/19 9:10
143|259496|Lightning Charging Cable|14.95|10/13/19 23:19
146|259499|AAA Batteries (4-pack)|2.99|10/23/19 20:00
147|259500|Wired Headphones|11.99|10/21/19 9:04
148|259501|AA Batteries (4-pack)|3.84|10/16/19 12:17
149|259502|Wired Headphones|11.99|10/6/19 8:37
150|259503|Lightning Charging Cable|14.95|10/23/19 15:07
151|259504|AA Batteries (4-pack)|3.84|10/22/19 23:14
153|259506|Lightning Charging Cable|14.95|10/24/19 1:52
154|259507|AAA Batteries (4-pack)|2.99|10/23/19 6:32
155|259508|USB-C Charging Cable|11.95|10/28/19 8:58
156|259509|AAA Batteries (4-pack)|2.99|10/16/19 14:48
157|259510|AA Batteries (4-pack)|3.84|10/14/19 11:54
158|259511|AAA Batteries (4-pack)|2.99|10/3/19 13:05
159|259512|Wired Headphones|11.99|10/31/19 15:38
160|259513|Lightning Charging Cable|14.95|10/5/19 17:17
161|259514|Lightning Charging Cable|14.95|10/2/19 21:05
163|259516|USB-C Charging Cable|11.95|10/19/19 8:13
167|259520|AA Batteries (4-pack)|3.84|10/9/19 20:07
168|259521|Wired Headphones|11.99|10/3/19 11:40
169|259522|Lightning Charging Cable|14.95|10/27/19 6:57
172|259525|Lightning Charging Cable|14.95|10/7/19 19:46
173|259526|Lightning Charging Cable|14.95|10/7/19 13:14
178|259529|Wired Headphones|11.99|10/14/19 14:41
179|259530|AA Batteries (4-pack)|3.84|10/31/19 11:45
180|259531|Lightning Charging Cable|14.95|10/27/19 14:18
182|259533|AA Batteries (4-pack)|3.84|10/19/19 17:38
183|259534|Wired Headphones|11.99|10/22/19 19:23
184|259535|Wired Headphones|11.99|10/9/19 16:11
185|259536|Lightning Charging Cable|14.95|10/5/19 0:33
186|259537|AAA Batteries (4-pack)|2.99|10/2/19 16:01
187|259537|USB-C Charging Cable|11.95|10/2/19 16:01
188|259538|Lightning Charging Cable|14.95|10/27/19 16:42
189|259539|AAA Batteries (4-pack)|2.99|10/27/19 12:48
190|259540|AAA Batteries (4-pack)|2.99|10/19/19 7:27
192|259542|AAA Batteries (4-pack)|2.99|10/22/19 0:11
193|259543|AAA Batteries (4-pack)|2.99|10/6/19 14:00
194|259544|Wired Headphones|11.99|10/28/19 10:26
195|259545|Wired Headphones|11.99|10/4/19 11:41
196|259546|AA Batteries (4-pack)|3.84|10/22/19 18:05
197|259547|AAA Batteries (4-pack)|2.99|10/12/19 14:17
199|259549|Wired Headphones|11.99|10/22/19 7:43
200|259550|USB-C Charging Cable|11.95|10/24/19 16:14
202|259552|AAA Batteries (4-pack)|2.99|10/12/19 9:05
205|259554|USB-C Charging Cable|11.95|10/7/19 15:22
206|259555|Lightning Charging Cable|14.95|10/5/19 13:02
207|259556|AAA Batteries (4-pack)|2.99|10/8/19 14:45
209|259558|AA Batteries (4-pack)|3.84|10/26/19 20:35
210|259559|USB-C Charging Cable|11.95|10/16/19 1:41
211|259560|Wired Headphones|11.99|10/25/19 12:29
212|259561|AAA Batteries (4-pack)|2.99|10/27/19 20:38
214|259563|AA Batteries (4-pack)|3.84|10/17/19 20:23
215|259564|AAA Batteries (4-pack)|2.99|10/24/19 11:47
216|259565|AAA Batteries (4-pack)|2.99|10/21/19 9:25
218|259567|Lightning Charging Cable|14.95|10/21/19 15:21
219|259568|USB-C Charging Cable|11.95|10/31/19 2:08
220|259569|Lightning Charging Cable|14.95|10/21/19 10:38
223|259572|Wired Headphones|11.99|10/26/19 10:53
224|259573|USB-C Charging Cable|11.95|10/23/19 18:59
226|259575|AAA Batteries (4-pack)|2.99|10/1/19 5:32
228|259577|Wired Headphones|11.99|10/5/19 21:57
236|259584|Lightning Charging Cable|14.95|10/20/19 21:05
237|259585|AAA Batteries (4-pack)|2.99|10/16/19 19:00
238|259586|USB-C Charging Cable|11.95|10/27/19 11:18
239|259587|Lightning Charging Cable|14.95|10/11/19 11:25
240|259588|USB-C Charging Cable|11.95|10/14/19 12:03
242|259590|AA Batteries (4-pack)|3.84|10/2/19 12:31
243|259591|AAA Batteries (4-pack)|2.99|10/8/19 15:55
246|259594|AAA Batteries (4-pack)|2.99|10/18/19 10:06
248|259596|Wired Headphones|11.99|10/3/19 9:48
249|259597|Lightning Charging Cable|14.95|10/22/19 12:26
250|259598|Lightning Charging Cable|14.95|10/22/19 21:14
251|259599|AA Batteries (4-pack)|3.84|10/2/19 3:48
252|259600|Lightning Charging Cable|14.95|10/14/19 9:12
253|259601|Lightning Charging Cable|14.95|10/8/19 1:45
254|259602|AAA Batteries (4-pack)|2.99|10/9/19 3:13
255|259603|AA Batteries (4-pack)|3.84|10/7/19 20:39
258|259606|USB-C Charging Cable|11.95|10/8/19 16:53
260|259607|Lightning Charging Cable|14.95|10/12/19 12:01
262|259609|USB-C Charging Cable|11.95|10/3/19 12:01
263|259610|Lightning Charging Cable|14.95|10/18/19 20:37
264|259611|AAA Batteries (4-pack)|2.99|10/25/19 15:00
265|259612|USB-C Charging Cable|11.95|10/1/19 8:41
267|259614|AA Batteries (4-pack)|3.84|10/6/19 21:23
268|259615|AA Batteries (4-pack)|3.84|10/2/19 22:45
269|259616|AA Batteries (4-pack)|3.84|10/6/19 22:34
270|259617|Wired Headphones|11.99|10/2/19 14:02
272|259619|Lightning Charging Cable|14.95|10/8/19 17:48
274|259620|USB-C Charging Cable|11.95|10/29/19 12:19
276|259622|AA Batteries (4-pack)|3.84|10/25/19 11:54
279|259625|AAA Batteries (4-pack)|2.99|10/30/19 18:37
280|259626|AAA Batteries (4-pack)|2.99|10/22/19 15:15
281|259627|AAA Batteries (4-pack)|2.99|10/9/19 20:05
