259360,AAA Batteries (4-pack),2.99,10/24/19 17:20
259399,AAA Batteries (4-pack),2.99,10/31/19 19:06
259402,AA Batteries (4-pack),3.84,10/9/19 20:27
259410,AA Batteries (4-pack),3.84,10/1/19 21:32
259415,AAA Batteries (4-pack),2.99,10/16/19 19:13
259420,USB-C Charging Cable,11.95,10/18/19 8:54
259424,USB-C Charging Cable,11.95,10/31/19 22:54
259436,Wired Headphones,11.99,10/26/19 0:30
259448,AA Batteries (4-pack),3.84,10/18/19 21:47
259467,AA Batteries (4-pack),3.84,10/6/19 12:22
259478,AAA Batteries (4-pack),2.99,10/12/19 19:49
259499,AAA Batteries (4-pack),2.99,10/23/19 20:00
259509,AAA Batteries (4-pack),2.99,10/16/19 14:48
259510,AA Batteries (4-pack),3.84,10/14/19 11:54
259511,AAA Batteries (4-pack),2.99,10/3/19 13:05
259533,AA Batteries (4-pack),3.84,10/19/19 17:38
259537,AAA Batteries (4-pack),2.99,10/2/19 16:01
259540,AAA Batteries (4-pack),2.99,10/19/19 7:27
259542,AAA Batteries (4-pack),2.99,10/22/19 0:11
259546,AA Batteries (4-pack),3.84,10/22/19 18:05
259550,USB-C Charging Cable,11.95,10/24/19 16:14
259565,AAA Batteries (4-pack),2.99,10/21/19 9:25
259568,USB-C Charging Cable,11.95,10/31/19 2:08
259569,Lightning Charging Cable,14.95,10/21/19 10:38
259572,Wired Headphones,11.99,10/26/19 10:53
259575,AAA Batteries (4-pack),2.99,10/1/19 5:32
259594,AAA Batteries (4-pack),2.99,10/18/19 10:06
259599,AA Batteries (4-pack),3.84,10/2/19 3:48
259602,AAA Batteries (4-pack),2.99,10/9/19 3:13
259611,AAA Batteries (4-pack),2.99,10/25/19 15:00
259615,AA Batteries (4-pack),3.84,10/2/19 22:45
259616,AA Batteries (4-pack),3.84,10/6/19 22:34
259626,AAA Batteries (4-pack),2.99,10/22/19 15:15
